[
    {
        "id": "1",
        "title": "HERE&NOW",
        "url": "https://i.ibb.co/55cwBpP/2.png",
        "size": "M",
        "price": 10.90,
        "quantity": 0
    },
    {
        "id": "2",
        "title": "Calvin Klein Jeans",
        "url": "https://i.ibb.co/NNd5wmc/1.png",
        "size": "XL",
        "price": 10.00,
        "quantity": 0
    },
    {
        "id": "3",
        "title": "Moda Rapido",
        "url": "https://i.ibb.co/wQzRVJM/3.png",
        "size": "S",
        "price": 9.80,
        "quantity": 0
    },
    {
        "id": "4",
        "title": "Roadster",
        "url": "https://i.ibb.co/Fh2Bv0D/4.png",
        "size": "L",
        "price": 10.99,
        "quantity": 0
    },
    {
        "id": "5",
        "title": "Difference of Opinion",
        "url": "https://i.ibb.co/Vq5KDbx/5.png",
        "size": "M",
        "price": 11.90,
        "quantity": 0
    },
    {
        "id": "6",
        "title": "Dillenger",
        "url": "https://i.ibb.co/X867M8m/6.png",
        "size": "S",
        "price": 8.50,
        "quantity": 0
    },
    {
        "id": "7",
        "title": "Roadster",
        "url": "https://i.ibb.co/YcdG2pK/7.png",
        "size": "XXL",
        "price": 12.99,
        "quantity": 0
    },
    {
        "id": "8",
        "title": "FIFO DIDO",
        "url": "https://i.ibb.co/FbC6z7C/8.png",
        "size": "M",
        "price": 10.00,
        "quantity": 0
    },
    {
        "id": "9",
        "title": "Roadster",
        "url": "https://i.ibb.co/xg6vqVd/9.png",
        "size": "ML",
        "price": 14.80,
        "quantity": 0
    },
    {
        "id": "10",
        "title": "HERE&NOW",
        "url": "https://i.ibb.co/wzzghxL/10.png",
        "size": "ML",
        "price": 7.99,
        "quantity": 0
    },
    {
        "id": "11",
        "title": "jack & jones",
        "url": "https://i.ibb.co/jZ11DSd/11.png",
        "size": "ML L",
        "price": 9.99,
        "quantity": 0
    },
    {
        "id": "12",
        "title": "Roadster",
        "url": "https://i.ibb.co/SK6pX6B/12.png",
        "size": "L",
        "price": 15.90,
        "quantity": 0
    },
    {
        "id": "13",
        "title": "Roadster",
        "url": "https://i.ibb.co/gDKrGxY/13.png",
        "size": "XXL",
        "price": 16.00,
        "quantity": 0
    },
    {
        "id": "14",
        "title": "Calvin Klein Jeans",
        "url": "https://i.ibb.co/w6QGNv9/14.png",
        "size": "L",
        "price": 14.60,
        "quantity": 0
    },
    {
        "id": "15",
        "title": "Maniac",
        "url": "https://i.ibb.co/5BtcNN8/15.png",
        "size": "XL",
        "price": 10.50,
        "quantity": 0
    },
    {
        "id": "16",
        "title": "HERE&NOW",
        "url": "https://i.ibb.co/xDcvk2V/16.png",
        "size": "XXL",
        "price": 12.00,
        "quantity": 0
    }
]