[
    {
        "id": "1",
        "title": "ROGER FEDRER",
        "url": "https://i.ibb.co/R93HX0B/resize-1611509283752110678img5.jpg",
        "category":"ROLEX",
        "price": 10.90,
        "quantity": 0
    },
    {
        "id": "2",
        "title": "RANIIEE",
        "url": "https://i.ibb.co/PM8Vd5x/resize-16115093851213836286img7.jpg",
        "category":"ROLEX",
        "price": 10.00,
        "quantity": 0
    },
    {
        "id": "3",
        "title": "JEEVIKA",
        "url": "https://i.ibb.co/TkCX36q/resize-1611509451779962690img6.jpg",
        "category":"SONATA",
        "price": 9.80,
        "quantity": 0
    },
    {
        "id": "4",
        "title": "SONYYY",
        "url": "https://i.ibb.co/JBqkxn6/resize-1611509506360462242img8.jpg",
        "category":"TITAN",
        "price": 10.99,
        "quantity": 0
    },
    {
        "id": "5",
        "title": "KOMAL",
        "url": "https://i.ibb.co/7WvM53h/newimg-4.jpg",
        "category":"ROADSTAR",
        "price": 11.90,
        "quantity": 0
    },
    {
        "id": "6",
        "title": "PREETI",
        "url": "https://i.ibb.co/1ZFVvHc/newimg-5.jpg",
        "category":"DRESSBERRY",
        "price": 8.50,
        "quantity": 0
    },
    {
        "id": "7",
        "title": "SHARAL",
        "url": "https://i.ibb.co/THFszP9/newimg-11.jpg",
        "category":"CHUMBUK",
        "price": 12.99,
        "quantity": 0
    },
    {
        "id": "8",
        "title": "SNEHAA",
        "url": "https://i.ibb.co/bFqj51Z/newimg-6.jpg",
        "category":"FASTSTRACK",
        "price": 10.00,
        "quantity": 0
    },
    {
        "id": "9",
        "title": "SHADMA",
        "url": "https://i.ibb.co/C6yrFQc/newimg-12.jpg",
        "category":"TITAN",
        "price": 14.80,
        "quantity": 0
    },
    {
        "id": "10",
        "title": "ARTI",
        "url": "https://i.ibb.co/1mRh82W/resize-1611510380611650939img3.jpg",
        "category":"ROADSTAR",
        "price": 7.99,
        "quantity": 0
    },
    {
        "id": "11",
        "title": "SAMIDHA",
        "url": "https://i.ibb.co/FsyJrGK/newimg2.jpg",
        "category":"DRESSBERRY",
        "price": 9.99,
        "quantity": 0
    },
    {
        "id": "12",
        "title": "ASHI",
        "url": "https://i.ibb.co/gRrbz6Z/newimg-10.jpg",
        "category":"CHUMBAK",
        "price": 15.90,
        "quantity": 0
    },
    {
        "id": "13",
        "title": "MOUSUMI",
        "url": "https://i.ibb.co/QFvPS5X/newimg-3.jpg",
        "category":"FASTSTRACK",
        "price": 16.00,
        "quantity": 0
    },
    {
        "id": "14",
        "title": "AKKU",
        "url": "https://i.ibb.co/sjHs0vW/newimg-1.jpg",
        "category":"SONATA",
        "price": 14.60,
        "quantity": 0
    },
    {
        "id": "15",
        "title": "KAJJU",
        "url": "https://i.ibb.co/wsn1dWJ/OLYMPUS-DIGITAL-CAMERA.jpg",
        "category":"TITAN",
        "price": 10.50,
        "quantity": 0
    },
    {
        "id": "16",
        "title": "MANJU",
        "url": "https://i.ibb.co/KWqGCmv/newimg-8.jpg",
        "category":"ROLEX",
        "price": 12.00,
        "quantity": 0
    },
    {
        "id": "17",
        "title": "QIN SHEN",
        "url": "https://i.ibb.co/1vm7Rfh/resize-16115100541929677864img21.jpg",
        "category":"TITAN",
        "price": 14.00,
        "quantity": 0
    },
    {
        "id": "18",
        "title": "YUAN CHAN",
        "url": "https://i.ibb.co/BwG3tJv/resize-1611510143914093979img10.jpg",
        "category":"CHUMBUK",
        "price": 11.00,
        "quantity": 0
    },
    {
        "id": "19",
        "title": "JI YANXIN",
        "url": "https://i.ibb.co/zmyQvX0/resize-16115102771027804235img22.jpg",
        "category":"ROADSTAR",
        "price": 15.00,
        "quantity": 0
    },
    {
        "id": "20",
        "title": "QI NIAN",
        "url": "https://i.ibb.co/V243RVz/resize-161151020811321990img9.jpg",
        "category":"ROLEX",
        "price": 10.00,
        "quantity": 0
    }
]