[
    {
        "id": "1",
        "title": "ROLEX SEA DWELLER",
        "url": "https://i.ibb.co/YjcR2qL/nayaimg-4.jpg",
        "category":"ROLEX",
        "price": 10.90,
        "quantity": 0
    },
    {
        "id": "2",
        "title": "ROLEX DAYTONA",
        "url": "https://i.ibb.co/THFszP9/newimg-11.jpg",
        "category":"ROLEX",
        "price": 10.00,
        "quantity": 0
    },
    {
        "id": "3",
        "title": "DEAN CHRONOGRAPH FOSSIL",
        "url": "https://i.ibb.co/TqHH4Q9/nayaimg-5.jpg",
        "category":"FOSSIL",
        "price": 9.80,
        "quantity": 0
    },
    {
        "id": "4",
        "title": "CASIO A1785 LTP",
        "url": "https://i.ibb.co/dWmBLTB/nayaimg-6.jpg",
        "category":"CASIO",
        "price": 10.99,
        "quantity": 0
    },
    {
        "id": "5",
        "title": "ROLEX DAY-NIGHT",
        "url": "https://i.ibb.co/7WvM53h/newimg-4.jpg",
        "category":"ROLEX",
        "price": 11.90,
        "quantity": 0
    },
    {
        "id": "6",
        "title": "SONATA ANALOG",
        "url": "https://i.ibb.co/1ZFVvHc/newimg-5.jpg",
        "category":"SONATA",
        "price": 8.50,
        "quantity": 0
    },
    {
        "id": "7",
        "title": "CASIO G790 G-SHOCK",
        "url": "https://i.ibb.co/fdPR4YQ/nayaimg-3.jpg",
        "category":"CASIO",
        "price": 12.99,
        "quantity": 0
    },
    {
        "id": "8",
        "title": "ROADSTER UNISEX",
        "url": "https://i.ibb.co/bFqj51Z/newimg-6.jpg",
        "category":"ROADSTER",
        "price": 10.00,
        "quantity": 0
    },
    {
        "id": "9",
        "title": "CITIZEN BULOVA UHF",
        "url": "https://i.ibb.co/C6yrFQc/newimg-12.jpg",
        "category":"CITIZEN",
        "price": 14.80,
        "quantity": 0
    },
    {
        "id": "10",
        "title": "TITAN FASTSTRACK",
        "url": "https://i.ibb.co/1mRh82W/resize-1611510380611650939img3.jpg",
        "category":"TITAN",
        "price": 7.99,
        "quantity": 0
    },
    {
        "id": "11",
        "title": "HYBRID SMARTWATCH FOSSIL",
        "url": "https://i.ibb.co/FsyJrGK/newimg2.jpg",
        "category":"FOSSIL",
        "price": 9.99,
        "quantity": 0
    },
    {
        "id": "12",
        "title": "ROLEX SUBMARINER",
        "url": "https://i.ibb.co/gRrbz6Z/newimg-10.jpg",
        "category":"ROLEX",
        "price": 15.90,
        "quantity": 0
    },
    {
        "id": "13",
        "title": "TITAN EDGE CERAMIC",
        "url": "https://i.ibb.co/QFvPS5X/newimg-3.jpg",
        "category":"TITAN",
        "price": 16.00,
        "quantity": 0
    },
    {
        "id": "14",
        "title": "SONATA OCEAN",
        "url": "https://i.ibb.co/sjHs0vW/newimg-1.jpg",
        "category":"SONATA",
        "price": 14.60,
        "quantity": 0
    },
    {
        "id": "15",
        "title": "TITAN XYLYS PREMIUM",
        "url": "https://i.ibb.co/wsn1dWJ/OLYMPUS-DIGITAL-CAMERA.jpg",
        "category":"TITAN",
        "price": 10.50,
        "quantity": 0
    },
    {
        "id": "16",
        "title": "ROLEX MILGAUSS",
        "url": "https://i.ibb.co/KWqGCmv/newimg-8.jpg",
        "category":"ROLEX",
        "price": 12.00,
        "quantity": 0
    },
    {
        "id": "17",
        "title": "CASIO A1173 ENTICER MEN",
        "url": "https://i.ibb.co/qMxs5Bb/nayaimg-1.png",
        "category":"CASIO",
        "price": 14.00,
        "quantity": 0
    },
    {
        "id": "18",
        "title": "MACHINE MID-SIZE FOSSIL",
        "url": "https://i.ibb.co/8Yj6yC9/nayaimg-2.jpg",
        "category":"FOSSIL",
        "price": 11.00,
        "quantity": 0
    },
    {
        "id": "19",
        "title": "CITIZEN NOBLIA",
        "url": "https://i.ibb.co/G2h57rK/nayaimg-8.jpg",
        "category":"CITIZEN",
        "price": 15.00,
        "quantity": 0
    },
    {
        "id": "20",
        "title": "ROADSTER 1630492",
        "url": "https://i.ibb.co/7ppP7hF/nayaimg-10.jpg",
        "category":"ROADSTER",
        "price": 10.00,
        "quantity": 0
    }
]